	Real	Imag
0	0.40146247739826274	0.8610039949043445
