	drug	fold	source	correlation
7	All	1	fit	0.870131085701638
15	All	2	fit	0.8790556720169215
23	All	3	fit	0.881118727202576
31	All	4	fit	0.8795684724340014
39	All	5	fit	0.8639581420699767
47	All	1	prediction	0.7373520187742716
55	All	2	prediction	0.7397422193863202
63	All	3	prediction	0.715960547504648
71	All	4	prediction	0.5880275367148229
79	All	5	prediction	0.7338040401015948
