	Fit	Reference
0	-0.746735061529687	-0.699999988079071
1	1.0245986619734275	0.8999999761581421
2	1.2344718271335906	1.100000023841858
