	LTB4	A2M_LPS	LTB4_LPS	PLAU_LPS	PLAU	ATRA	ADIPOQ_LPS	PF4	ox-LDL_LPS	OSM	IL26	CCL11_LPS	IL26_LPS	CXCL12_LPS	CCL11	APOE_LPS	ADIPOQ	CXCL12	DLL1	ANGPT1_LPS	THBS1	THBS1_LPS	CCL2_LPS	DLL1_LPS	CCL3_LPS	COL18A1	PF4_LPS	SAA1	ANGPT1	ATRA_LPS	RARRES2_LPS	SEMA4D_LPS	VEGFA_LPS	OSM_LPS	CD40LG_LPS	EPO_LPS	PECAM1_LPS	SEMA4D	COL18A1_LPS	FASLG_LPS	RARRES2	PECAM1	TNF	CCL3	EPO	WNT7A_LPS	SPP1_LPS	TSLP	PGE2_LPS	TNF_LPS	IL1B	CCL2	SAA1_LPS	BMP4	APOE	SERPING1_LPS	FGF1_LPS	CSF2_LPS	FGF1	CSF1_LPS	C5_LPS	TSLP_LPS	SPP1	VEGFA	FASLG	WNT7A	CCL5_LPS	CD40LG	IL1A_LPS	IL1B_LPS	BMP4_LPS	TGFB1_LPS	C5	CCL5	IL1A	CSF1	GAS6_LPS	TGFB1	GAS6	A2M	CSF2	ox-LDL	PGE2	SERPING1
0	0.9824551609569541	0.9684019294294488	0.966528306636572	0.9646917550133463	0.959687755470777	0.9580671137115824	0.9537404258226643	0.9472272311004608	0.9470093278739332	0.9464505859251131	0.9457813468532338	0.9444238542576817	0.9432678462268853	0.9411128624345684	0.9405536103190181	0.9333362168303698	0.9330329436448107	0.9301141496360348	0.9297680799642628	0.9291182284049334	0.920613277880916	0.916930607708224	0.9166785830952452	0.9164518576376204	0.9143980996415153	0.9130202383846835	0.9087388256194733	0.9057757065976846	0.9052804962213791	0.9042153629877284	0.9002343614847239	0.8995309395549538	0.8993972730657401	0.8937607147224407	0.8876817280731626	0.8830803012309028	0.8803998198836641	0.8784000076044145	0.8667095436885334	0.8580096806708652	0.8571577946547617	0.8564213904506679	0.8528337128078496	0.8524003915535053	0.8498685257199605	0.8456287561893312	0.8425353489482739	0.8422279334719941	0.8389333648852274	0.8383461345610042	0.8300908303783763	0.8274805361409523	0.8232751704882015	0.8215077292667605	0.8213480182323076	0.818185583938221	0.80895338705961	0.8071598271768474	0.8018496599769742	0.8009888202386941	0.8000560768912612	0.7971450591178473	0.7833962329295067	0.7818943051187399	0.7768445268028822	0.7717563969831431	0.7685738260738766	0.749890402211169	0.7455972534344146	0.7348766342277786	0.733607567756189	0.702046384820576	0.6705072752354728	0.622759458285669	0.6037420853234933	0.5425773041712381	0.5159394190375395	0.4646176321823764	0.3354850016691205	0.0077209484142808996	-0.14818325879778121	-0.47663782345094297	-0.5519499862714199	-0.5566166848588336
