	CEBPB	JUN	SMAD4	STAT1	RELA	NFKB1	IRF9	ATF2	E2F2	STAT2	FOS	SP1	STAT4	TFDP1	STAT3	ETS1	FOXO3	FOXO4	E2F3	RXRA	REL	JUND	PPARA	SMAD3	RUNX1	E2F1	TP53	IRF1	RARA	FLI1	MYC	CREB1	NFKB2	FOXM1	STAT5A	TWIST1	RELB	CEBPA	ETS2	ATF4	SPI1	HIF1A	TCF7L2	POU2F1	ATF1	STAT5B	MITF	USF1	STAT6	FOXO1	EPAS1	NFE2L2	VDR	ELK1	RUNX3	SREBF1	SP3	SREBF2	ZEB1	FOSL1	NR3C1	RFX5	NFIC	PAX8	SRF	HNF1A	AR	ESR1	PPARG	TCF3	YY1	HSF1	MYB	REST
0	0.9351248052532737	0.9158161697589113	0.9091988621949385	0.8647189137460406	0.8623528866594152	0.8510021203456408	0.840513332484289	0.8340663867009024	0.8302972310008324	0.8296452127564498	0.8259884537706146	0.8237698823120362	0.820091967417256	0.8157313063006738	0.8124425677731197	0.8122297031474787	0.8078474254131329	0.8066181353816259	0.8002849661404526	0.7966701556161602	0.7959445473115498	0.7951082451505146	0.7930339923464882	0.791983067602178	0.791450273453447	0.7787921561781241	0.7774115638883727	0.7748273920150046	0.7740864778091653	0.7738389515813813	0.7702747947512325	0.7606587650169943	0.7546266718247667	0.7529057503835795	0.7456195212407892	0.7445948547444589	0.7438143725852542	0.7253116660898661	0.7236395303859018	0.7198287521778401	0.7192971269864779	0.7055187770412634	0.6950055981406551	0.6932366093581885	0.6923265571033794	0.6699340691270723	0.6676001024765428	0.6622454747722897	0.6599971491363631	0.6595581807192137	0.658517467469769	0.6576965191370251	0.6542022219871051	0.651272872331512	0.6311826508713909	0.6212503207038516	0.6188845262434273	0.6092247578955752	0.6026761704901014	0.5889841908043776	0.5546423633189681	0.5107690335551839	0.4990874044075829	0.48162301452952666	0.4421925669246733	0.42455845363720823	0.37736752834855625	0.3716392920729609	0.34341925649648464	0.3013066994322175	0.2759271194355897	0.23771665676392545	0.1681578620207843	0.08692802698416117
