	fit	reference
0	0.00011740817	0.0
1	-4.524059e-05	0.0
2	-0.06875751	0.0
3	-0.03838921	0.0
4	0.046235874	0.0
5	0.036739487	0.0
6	0.0009925948	0.0
