steady state	autograd
-0.117662154	-0.117662154
0.0118614165	0.0118614165
0.11574317	0.11574317
0.045933343	0.045933343
0.025261583	0.025261583
0.0036989714	0.0036989714
-0.020651454	-0.020651454
0.0069704694	0.0069704694
0.00025326113	0.00025326113
0.09281795	0.09281795
