	fit	reference
0	0.00023386766	0.0
1	0.0006601646	0.0
2	-0.045223583	0.0
3	-0.09474271	0.0
4	0.15224637	0.0
5	0.1748414	0.0
6	0.0034068925	0.0
