	fit	reference
0	0.0005823146	0.0
1	-0.0025330645	0.0
2	-0.2530144	0.0
3	-0.11674033	0.0
4	0.22340651	0.0
5	0.36641452	0.0
6	-0.017778125	0.0
