	fit	reference
0	-0.1647687325931654	0.0
1	-0.11184196181839132	-0.5
2	-0.18953318800785476	0.20000000298023224
3	-0.04783179041318922	-0.10000000149011612
4	-0.024038225893088433	0.0
