	fit	reference
0	1.041948309772025	1.0
1	0.9807265771685753	2.0
2	1.0210631178489025	0.5
3	0.9541084472046828	1.5
